<?xml version="1.0" encoding="UTF-8"?>
<config xmlns="http://www.knime.org/2008/09/XMLConfig" xmlns:xsi="http://www.w3.org/2001/XMLSchema-instance" xsi:schemaLocation="http://www.knime.org/2008/09/XMLConfig http://www.knime.org/XMLConfig_2008_09.xsd" key="MiningSchema">
    <config key="learning">
        <entry key="array-size" type="xint" value="8"/>
        <entry key="0" type="xstring" value="Column0"/>
        <entry key="1" type="xstring" value="Open"/>
        <entry key="2" type="xstring" value="High"/>
        <entry key="3" type="xstring" value="Low"/>
        <entry key="4" type="xstring" value="Close"/>
        <entry key="5" type="xstring" value="Adj Close"/>
        <entry key="6" type="xstring" value="Volume"/>
        <entry key="7" type="xstring" value="RSI-status"/>
    </config>
    <config key="target">
        <entry key="array-size" type="xint" value="1"/>
        <entry key="0" type="xstring" value="RSI-decision"/>
    </config>
</config>
